Stock,Weight
ITC,0.1708224493435923
HDFCBANK,0.010434788103884356
TATASTEEL,0.3212869317162965
VEDL,0.01717072979211935
IOC,0.39928442317565865
SBIN,0.08100067786844878
